[
    {
        "words": "Consectetur anim exercitation voluptate Lorem mollit nostrud Et id eu nulla quis Lorem laborum ullamco ad sit enim Lorem proident magna esse Eu nulla magna ea ipsum reprehenderit sit est anim duis quis ullamco Nisi ipsum ex occaecat sit eiusmod consectetur in nostrud deserunt"
    },
    {
        "words": "Mollit proident adipisicing fugiat mollit velit Aliquip laborum sit ullamco cillum minim ut aliquip cupidatat est commodo Est amet irure elit ipsum"
    },
    {
        "words": "Sint nostrud eiusmod fugiat elit aute Amet eu proident officia tempor excepteur reprehenderit cillum quis Minim in fugiat eiusmod nisi nulla duis labore excepteur pariatur mollit labore Pariatur anim nisi excepteur ipsum est aute mollit velit aliquip commodo nisi ullamco nulla Aliquip duis adipisicing velit esse enim Cupidatat minim commodo ad proident magna non ut ipsum ex ex pariatur consectetur minim occaecat"
    },
    {
        "words": "Ex non minim duis voluptate dolor labore aute aute labore ullamco Eiusmod officia culpa sint cupidatat Pariatur ex est velit culpa sunt proident Nostrud esse non qui voluptate velit pariatur reprehenderit officia esse irure nulla proident Cupidatat eu velit in ad irure do duis nulla minim Sit ut laborum veniam sint ullamco"
    },
    {
        "words": "Esse esse id labore officia aliqua sunt veniam exercitation Velit dolore ipsum aute aute minim ipsum nulla dolore cillum reprehenderit proident Est qui id exercitation est est consequat ea amet Consectetur aute cillum deserunt tempor amet est adipisicing esse exercitation consequat Lorem"
    },
    {
        "words": "Veniam magna laboris ea qui quis aliquip pariatur culpa culpa id id id et mollit Ex tempor qui deserunt adipisicing aliquip minim quis in ex ipsum est cillum proident Sit ipsum mollit sint do consectetur Irure Lorem mollit in velit excepteur qui ipsum Sunt occaecat qui reprehenderit Lorem et excepteur incididunt id consectetur eu deserunt"
    }
]